<?xml version="1.0" encoding="UTF-8"?>
<metadata><idinfo><citation><citeinfo><origin>Sir</origin><pubdate>20220821</pubdate><title>t1_20220821_092801_forecast_10 - Digital Shoreline Analysis System Version 5.1.20200720.0030 Forecast Feature Class</title><geoform>vector digital data</geoform></citeinfo></citation><descript><abstract>Shore</abstract><purpose>Extract shoreline This dataset consists of a polyline file representing the Digital Shoreline Analysis System version 5 (DSAS v5) beta shoreline forecast at a 10- or 20-year time horizon. New to DSAS v5 is an option to calculate a shoreline position either 10 or 20 years into the future based on historical shoreline positions.  The method assimilates shoreline observations (shoreline position change, shoreline uncertainty) then estimates process noise to forecast the shoreline position and provide a quantitative estimate of uncertainty for the forecast.</purpose></descript><timeperd><timeinfo><sngdate><caldate>20220821</caldate></sngdate></timeinfo><current>publication date</current></timeperd><status><progress>Complete</progress><update>None planned</update></status><spdom><bounding><westbc>88.040590</westbc><eastbc>88.174876</eastbc><northbc>21.890142</northbc><southbc>21.630057</southbc></bounding></spdom><keywords><theme><themekt>ISO 19115 Topic Category</themekt><themekey>environment</themekey><themekey>elevation</themekey><themekey>geoscientificInformation</themekey><themekey>oceans</themekey></theme></keywords><accconst>Very</accconst><useconst>These data were automatically generated using the DSAS version 5 software applications and should only be used for purposes explicitly stated by the originating organization.</useconst><crossref><citeinfo><origin>E.A. Himmelstoss</origin><origin>A.S. Farris</origin><origin>R.E. Henderson</origin><origin>M.G. Kratzmann</origin><origin>A. Ergul</origin><origin>O. Zhang</origin><origin>J.L. Zichichi</origin><origin>E.R. Thieler</origin><pubdate>2018</pubdate><title>Digital Shoreline Analysis System (version 5): U.S. Geological Survey software</title><serinfo><sername>software</sername><issue>version 5</issue></serinfo><pubinfo><pubplace>Reston, VA</pubplace><publish>U.S. Geological Survey, Coastal and Marine Geology Program</publish></pubinfo><othercit>Suggested citation: Himmelstoss, E.A., Farris, A.S., Henderson, R.E., Kratzmann, M.G., Ergul, A., Zhang, O., Zichichi, J.L., and Thieler, E.R., 2018, Digital Shoreline Analysis System (version 5.0): U.S. Geological Survey software, https://doi.org/10.5066/P9VW42I0 .</othercit><onlink>https://code.usgs.gov/cch/dsas/</onlink><onlink>https://doi.org/10.5066/P9VW42I0</onlink></citeinfo><citation><citeinfo><othercit>Please use the following citation: Himmelstoss, E.A., Farris, A.S., Henderson, R.E., Kratzmann, M.G., Ergul, A., Zhang, O., Zichichi, J.L., Thieler, E.R., 2018, Digital Shoreline Analysis System (v5): U.S. Geological Survey software</othercit></citeinfo></citation></crossref><crossref><citeinfo><origin>E.A. Himmelstoss</origin><origin>R.E. Henderson</origin><origin>M.G. Kratzmann</origin><origin>A. Farris</origin><pubdate>2018</pubdate><title>
          Digital Shoreline Analysis System (DSAS) Version 5 User Guide
        </title><serinfo><sername>Open File Report</sername><issue>2018-1179</issue></serinfo><pubinfo><pubplace>Woods Hole, MA</pubplace><publish>U.S. Geological Survey, Coastal and Marine Geology Program</publish></pubinfo><othercit>Suggested citation: Himmelstoss, E.A., Henderson, R.E., Kratzmann, M, Farris, A., 2018, DSAS version 5.0 user guide. U.S. Geological Survey report 2018-1179, https://doi.org/10.3133/ofr20181179</othercit><onlink>https://doi.org/10.3133/ofr20181179</onlink><onlink>https://woodshole.er.usgs.gov/project-pages/DSAS/</onlink></citeinfo><citation><citeinfo><othercit>Please use the following citation: Himmelstoss, E.A., Farris, A.S., Henderson, R.E., Kratzmann, M.G., Ergul, A., Zhang, O., Zichichi, J.L., Thieler, E.R., 2018, Digital Shoreline Analysis System (v5): U.S. Geological Survey software</othercit></citeinfo></citation></crossref></idinfo><dataqual><logic>These data were generated using DSAS, an automated software program which does not perform checks for fidelity of the input features. Any testing on these data should be carried out by end-users to ensure fidelity of relationships.</logic><complete>This dataset contains a polyline shoreline representing the possible location of a shoreline in the future and was generated by the beta Shoreline Forecasting tool in the DSAS version 5 software application.</complete><lineage><procstep><procdesc>Transect features generated using DSAS v5.1.20200720.0030. Parameters Used: baseline layer=Baseline, baseline group field=Group_, transect spacing=100 meters, search distance=2000 meters, land direction=right, shoreline intersection=seaward, File produced = t1 .For additional details on these parameters, please see the DSAS help file distributed with the DSAS software, or visit the USGS website at: https://woodshole.er.usgs.gov/project-pages/DSAS/ </procdesc><procdate>20220821</procdate><proctime>09:27:29</proctime></procstep><procstep><procdesc>Shoreline intersects and rate calculations performed. Parameters Used: shoreline layer=Shorelines, shoreline date field=DATE_, shoreline uncertainty field name=UNCERTAINTY, the default accuracy=10 meters, shoreline intersection=seaward, stats calculations=[SCE, NSM, EPR, LRR, WLR], shoreline threshold=none, confidence interval=90%. Files produced = t1_rates_20220821_092801 , t1_intersect_20220821_092801 .</procdesc><procdate>20220821</procdate><proctime>09:28:44</proctime></procstep><procstep><procdesc>Shoreline forecast (polyline and point) and forecast uncertainty (polygon) calculated. A = 10 year shoreline forecast with uncertainty was performed using: input rate file (containing LRR values used in forecasting) = t1_rates_20220821_092801, and intersect file = t1_intersect_20220821_092801. Files produced = t1_20220821_092801_forecast_10 , t1_20220821_092801_forecast_uncy_10 , t1_20220821_092801_forecast_points .</procdesc><procdate>20220821</procdate><proctime>09:31:50</proctime></procstep></lineage></dataqual><spdoinfo><direct>Vector</direct><ptvctinf><sdtsterm><sdtstype>String</sdtstype><ptvctcnt>9</ptvctcnt></sdtsterm></ptvctinf></spdoinfo><spref><horizsys><planar><mapproj><mapprojn>WGS 1984 UTM Zone 45N</mapprojn><transmer><sfctrmer>0.9996</sfctrmer><longcm>87.0</longcm><latprjo>0.0</latprjo><feast>500000.0</feast><fnorth>0.0</fnorth></transmer></mapproj><planci><plance>coordinate pair</plance><coordrep><absres>1.000000</absres><ordres>1.000000</ordres></coordrep><plandu>meter</plandu></planci></planar><geodetic><horizdn>D WGS 1984</horizdn><ellips>WGS 1984</ellips><semiaxis>6378137.0</semiaxis><denflat>298.257223563</denflat></geodetic></horizsys></spref><eainfo><detailed><enttyp><enttypl>t1_20220821_092801_forecast_10</enttypl><enttypd>Shoreline forecasts are generated by DSAS using the linear regression rate (LRR) value from the transect rate file with the same timestamp.</enttypd><enttypds>U.S. Geological Survey</enttypds></enttyp><attr><attrlabl>OBJECTID</attrlabl><attrdef>The object identification field is automatically created and maintained by ArcGIS.  It establishes a unique ID for each row in the attribute table.</attrdef><attrdefs>Esri</attrdefs><attrdomv><udom>Sequential unique whole numbers that are automatically generated.</udom></attrdomv></attr><attr><attrlabl>SHAPE</attrlabl><attrdef>The geometry field (shape) is automatically created and maintained by ArcGIS.  It provides a definition of the feature type (point, line, polygon).</attrdef><attrdefs>Esri</attrdefs><attrdomv><udom>Coordinates defining the features.</udom></attrdomv></attr><attr><attrlabl>ForecastPeriod</attrlabl><attrdef>The number of years the forecast is modeling (10/20).</attrdef><attrdefs>U.S. Geological Survey</attrdefs><attrdomv><edom><edomv>10</edomv><edomvd>The number of years the forecast is modeling (10/20).</edomvd><edomvds>U.S. Geological Survey</edomvds></edom></attrdomv><attrdomv><edom><edomv>20</edomv><edomvd>The number of years the forecast is modeling (10/20).</edomvd><edomvds>U.S. Geological Survey</edomvds></edom></attrdomv></attr><attr><attrlabl>ForecastYear</attrlabl><attrdef>The year the forecast represents (date of model run +10/20 years).</attrdef><attrdefs>U.S. Geological Survey</attrdefs><attrdomv><udom>The forecast year is the shoreline forecast horizion at either 10 or 20 years from the current date at the time the forecast is calculated.</udom></attrdomv></attr><attr><attrlabl>SHAPE_Length</attrlabl><attrdef>Length of shoreline forecast polyline in meter units, assuming data was properly projected in a meter-based coordinate system.  This field is automatically generated and maintained when data is within a geodatabase.</attrdef><attrdefs>Esri</attrdefs><attrdomv><udom>Positive real numbers that are automatically generated.</udom></attrdomv></attr></detailed></eainfo><distinfo><distrib><cntinfo><cntorgp><cntorg>bharatidasan</cntorg><cntper>Murugan</cntper></cntorgp><cntaddr><addrtype>mailing or physical</addrtype><address>Kalamalai</address><city>Trichy</city><state>TN</state><postal>98</postal><country></country></cntaddr><cntvoice>556778880</cntvoice><cntemail>saivillliers@gmail.com</cntemail></cntinfo></distrib><distliab>Neither the U.S. Government, the Department of the Interior, nor the USGS, nor any of their employees, contractors, or subcontractors, make any warranty, express or implied, nor assume any legal liability or responsibility for the accuracy, completeness, or usefulness of any information, apparatus, product, or process disclosed, nor represent that its use would not infringe on privately owned rights. The act of distribution shall not constitute any such warranty, and no responsibility is assumed by the USGS in the use of these data or related materials. Any use of trade, product, or firm names is for descriptive purposes only and does not imply endorsement by the U.S. Government.</distliab></distinfo><metainfo><metd>20220821</metd><metrd>20220821</metrd><metc><cntinfo><cntperp><cntper></cntper></cntperp><cntaddr><addrtype>mailing or physical</addrtype><address>Kalamalai</address><city>Trichy</city><state>TN</state><postal>98</postal></cntaddr><cntvoice>556778880</cntvoice></cntinfo></metc><metstdn>FGDC Content Standard for Digital Geospatial Metadata</metstdn><metstdv>FGDC-STD-001-1998</metstdv><mettc>local time</mettc></metainfo><Esri><CreaDate>20220825</CreaDate><CreaTime>20312100</CreaTime><ArcGISFormat>1.0</ArcGISFormat><SyncOnce>TRUE</SyncOnce></Esri></metadata>
